[{"id":"62895704959080@s.whatsapp.net","limit":3},{"id":"6281227825649@s.whatsapp.net","limit":1},{"id":"6281297303233@s.whatsapp.net","limit":4},{"id":"6283102650464@s.whatsapp.net","limit":42},{"id":"6289649480997@s.whatsapp.net","limit":12},{"id":"6281916994675@s.whatsapp.net","limit":5},{"id":"6281325620457@s.whatsapp.net","limit":7},{"id":"6285733042143@s.whatsapp.net","limit":2},{"id":"6289652903288@s.whatsapp.net","limit":1},{"id":"6282232450636@s.whatsapp.net","limit":5},{"id":"6282310948691@s.whatsapp.net","limit":3},{"id":"62895620007070@s.whatsapp.net","limit":5},{"id":"6285230802590@s.whatsapp.net","limit":6},{"id":"6282277619047@s.whatsapp.net","limit":2},{"id":"6287781400204@s.whatsapp.net","limit":6},{"id":"6285773414952@s.whatsapp.net","limit":1},{"id":"6281532962503@s.whatsapp.net","limit":3},{"id":"6283866064560@s.whatsapp.net","limit":4},{"id":"6288902991255@s.whatsapp.net","limit":7},{"id":"6283181897115@s.whatsapp.net","limit":2},{"id":"6283878831191@s.whatsapp.net","limit":12},{"id":"6285691724140@s.whatsapp.net","limit":2},{"id":"6288210609744@s.whatsapp.net","limit":2},{"id":"6283896227936@s.whatsapp.net","limit":3}]